Id,Timezone
8AD99F52-661E-4C52-A5E2-00D7C60F38C1,America/Chicago
3D26C22E-5438-40C4-AA8C-01102C7FD755,America/Denver
AF06CF6C-35C9-4F1A-9539-0130EDFD1B00,America/Denver
7FF9AD5E-E507-4C0A-9F87-013597EB7E27,America/Los_Angeles
D5916CEB-7713-4EC2-827A-0136A4E588E9,America/Los_Angeles
20CBB0CB-EFA4-4619-BD03-0166FFF199AE,America/Denver
4C1F72D5-3724-4445-86BC-018E9D4FCAE1,America/Chicago
CC50A510-C800-4039-AB7F-01C67B3A4186,America/Phoenix
91704A9F-2C4F-439E-8172-01E5335B3253,America/Chicago
5EFFDC34-EEBB-4DB9-B2F2-01EBED86A30E,America/Denver
F45C27BF-24ED-40AC-9961-02BF2690D628,America/Denver
370BE05D-0A5B-4E29-BEE4-02FBE8128847,America/Chicago
FED332F0-8CF8-41E5-AE3A-0314D1B69CD9,America/Chicago
2D018F4D-23DB-42BC-85E0-0332F4389C27,America/New_York
3D87C2DF-EDEA-4915-8FDE-0351C50B56C6,America/Denver
4E949F9D-A5C6-42B4-8223-038860FCF16E,America/New_York
4C8877FF-CAE2-47FD-9C19-03A6B7BABC25,America/New_York
2E30C69C-C547-49B9-9D53-03F3523E5CEC,America/Los_Angeles
253CD30E-4179-44AE-AB05-0463377781E2,America/Los_Angeles
04F86C00-5ED3-4967-9D1C-04697176C73B,America/New_York
280123D5-475C-43D2-8F94-052D95FA5C78,America/Los_Angeles
072D673D-7027-4095-A82B-0582F7FEB344,America/New_York
FAC91DC6-55B9-48F9-B703-05832D08049C,America/Denver
436185D7-AF17-4C0B-B0F9-060A91A73EF3,America/New_York
BEEDF754-A703-476B-896E-064E48F1D10C,America/Toronto
B6478AB7-4C53-4BA0-A3A6-0660E5E98992,America/Phoenix
59C4AD78-89EA-4019-9A33-0678046678E5,America/Los_Angeles
75B0843A-7B77-4081-BF1C-0699B38ADBBA,America/Denver
725F88CD-8350-404C-977F-06C8E83CFACB,America/Denver
648CCBD3-A6C4-4636-8D75-0701B488FFA5,America/Denver
35061722-BCD2-4AF0-98E6-070B8EF11332,America/Los_Angeles
F7F54601-3E0D-44AF-B9C8-0713097F1990,America/Chicago
C81A4DCA-AE32-4B1F-8C90-07F923314A01,America/Denver
073F0817-BDBA-4CD6-A3DB-082F252ABD6E,America/New_York
DB6737FB-3D7B-4768-A963-0856AD422C4E,America/Denver
5DAF45DF-4EFA-4E5F-80A7-0899945B7BB5,America/Denver
3E2844D6-70FB-4FB6-B5CF-08A86976D5FE,America/New_York
D121AEB6-8F07-4C3E-A176-08E549783604,America/Toronto
CCBE355F-EA78-44FD-A967-0905F5143ADE,America/Chicago
8F0437BB-1195-424C-8E5C-097F7D29D429,America/New_York
E3461D4F-E2D1-460D-94BE-099E0B764941,America/Denver
A6489432-C3FE-4A7A-97F2-09A88BD5F5B5,America/Denver
50002E1C-C24D-43A0-8948-09D261C69511,America/Chicago
75EABBF1-2F59-495A-8B65-0A570F527580,America/Los_Angeles
09C92B1F-1CAF-44B0-B1FB-0AAAC3B3CCC9,America/Denver
33C93210-202C-4CD4-BDEB-0B3738F23774,America/Detroit
577CEEA6-AC0F-426D-A4FB-0B57CC48B257,America/Chicago
D8C19FD5-153D-4963-A9A2-0B6287E11D91,America/Chicago
1C49F94E-047D-407E-B2CF-0BA785286528,America/Denver
7554F662-2B11-48C6-A4ED-0BBE21EBCAEA,America/Vancouver
04AFA05C-4836-4D7C-B343-0BDDE192E962,America/New_York
CB01E2C1-E5A6-45F1-90B4-0C6050FDFE03,America/Denver
17F2FB97-D006-4BF5-927D-0C694CACC8AE,America/Chicago
52395533-B1C1-43DD-8A3B-0C842A10988A,America/New_York
ADAAED07-41D6-472A-97C9-0CDA87490955,America/Los_Angeles
735E5DE7-38AA-4917-940B-0CF977811794,America/Chicago
43F35163-ACCA-492F-B15E-0D30B045F3F1,America/Denver
847BB422-BCC9-4EE7-9D15-0D3EB15361E9,America/New_York
30518AA0-2085-4D4C-825D-0D8FFB2705B8,America/New_York
3B938A18-E227-4940-932C-0DC0B2D6D379,America/Los_Angeles
407C8C27-77C3-44A2-B43F-0E27507C0D96,America/Chicago
6BA0CABE-1A42-4DB2-87FC-0E342D214345,America/Los_Angeles
2C5CC4DC-5025-412E-A87A-0E451C933568,America/Los_Angeles
5FC24341-0BA2-430B-BB7C-0EDAA23E9F59,America/New_York
C9254941-9B43-43FC-9EAC-0F269F41952B,America/Chicago
597DB8B7-4081-4657-B906-0F383B77EFD3,America/Chicago
2FFDA560-9D96-4EAE-84DB-0F3A9D6C1839,America/Chicago
23F4505E-323D-4F6D-96F4-0F42F2FF0E53,America/Denver
B915FD75-63B1-4873-96C0-0F591854A51D,America/Denver
946390E9-F0F5-44CA-8F08-0F7D904B7644,America/Chicago
2E4EA861-02A6-4EE0-950D-0FA6D35E3296,America/Winnipeg
085194B4-F6C2-4E30-9C72-101217B0F283,America/Denver
22D3047E-ECEE-4BE8-B67D-10A880B7BD42,America/Chicago
3FB7C265-F429-4500-8513-110709A49138,America/Los_Angeles
30A2EC8D-05B0-4467-B45F-11458DC02682,America/New_York
84B9A8DA-EFD3-4BCB-B819-116AFD007F66,America/New_York
AC4CE55E-61CB-4487-B879-11B4E89D5A66,America/Los_Angeles
72F6152D-A49C-4F78-A663-11BA26F378B2,America/Los_Angeles
FD25BE65-866A-4570-AC26-11E9F545009E,America/New_York
D6810A53-A6C9-4821-A3A0-11EA9E929213,America/Chicago
F0CD1DFD-EDA1-42F3-8747-120A102630F7,America/New_York
016C95D9-F5E1-4DFF-89BA-12367655C6C0,America/Chicago
207ECD42-E1B4-416E-BDF4-12E689BBD67F,America/New_York
57C5FBA6-F5B9-4F7A-99B6-12F40DC4BA91,America/Denver
15453A84-CF84-4A60-8CD9-12F465CE3EFE,America/Chicago
A0D7803B-7A73-4A92-8AB2-12F58DFC60DF,America/Los_Angeles
2E6391F2-E4CC-4AA6-A5AA-13196C5EE3A3,America/New_York
D80B1236-522A-4996-B5A1-13C2174BA718,America/Toronto
8DAC72F9-7AC3-4E93-ACFD-141603E300DD,America/Denver
53E9CBE8-66F7-4336-844F-1442EA6E8550,America/Chicago
CD14F839-57CB-4108-8656-1496735BB551,America/New_York
94CE2073-62EA-4CB9-85CF-14C35B4D5C5D,America/Denver
1F342310-68F5-4AA4-986B-14DCE3569A09,America/Chicago
BB2AA1BD-48A0-4223-A558-14E1C20020C6,America/Denver
731882B5-9329-46D1-A843-1596D7700B02,America/Denver
D4CF27A9-C145-4FA5-BD04-15986808FDA3,America/Denver
846017DA-15B2-49D6-8190-15EB5ADF4A56,America/Denver
FEA6F097-A766-49C1-A2D3-15F80466B8D4,America/Chicago
81E2A718-C7D7-4A9B-81B6-1631EB16D77E,America/Denver
3D1124BF-B471-47BE-AB4D-1686E5DD4D2B,America/New_York
0E01830D-1E2E-47C9-90AE-16BE0E7415AA,America/Chicago
660DE95A-DDCD-44C8-A4C2-1727DADD745A,America/Chicago
0E36CB45-7D09-4FA3-AE5F-174D6B0E8C2B,America/Winnipeg
35C845C4-1824-405C-A1A4-17B354335A5E,America/Toronto
CB07F011-2BB0-482B-B19C-183308749E07,America/New_York
050C7814-4CBD-4E24-AEDD-18D7F3063988,America/Denver
D21D0E4A-714D-470A-AF00-18E5C4024EBE,America/Denver
999EFD33-781D-4FFB-AE11-193ADD492D0A,America/Denver
6394555F-092A-46AF-A816-1949FFE7308C,America/Chicago
05F089AC-C403-4ACA-BF7C-197DCF705163,America/Chicago
8D7D5253-E5E6-48FB-A9C0-19E983CC5FDA,America/Denver
7F0798FE-38C5-4895-98F5-1A02BFD66754,America/New_York
3C6D880C-BF9A-4F0F-B90D-1A34828438A3,America/Chicago
B9933844-27DF-4769-87FE-1A9B8BE502E8,America/New_York
3CA5BC4F-CE14-4501-A18A-1B20C88148B1,America/New_York
2BA65497-7636-49B0-9718-1B9D4C892AFA,America/Chicago
6503CEDD-1A1F-43FF-8489-1BCCC12CF344,America/Denver
0E54E0B1-8547-4D92-BD78-1C0BAA44D8E8,America/Denver
215C4A8E-45BF-43FC-A76D-1C17F71BFF8E,America/Los_Angeles
E5757900-959C-42BA-B57D-1C7025FC0505,America/Denver
3C057454-EAE5-445D-ADE1-1C72648E3820,America/Denver
A59BC705-1572-42F3-822F-1C88CAA25868,America/Chicago
0181DCAF-120F-489B-9F18-1CEAC74595A4,America/New_York
CEF7D702-9C4A-4065-B899-1D427BEF19E2,America/Los_Angeles
7F9AF1AA-DE99-4DFC-AFB6-1DC2359F1D78,America/Denver
7484D7C5-3182-4F8A-B1E6-1DCAD0293635,America/New_York
F5CD6340-A899-445F-BAA7-1E914C2EB715,America/Denver
F691CC12-90AE-44E5-8EE0-1EA026105837,America/Chicago
1F0322F5-1E9D-4EFF-A44B-1EC371CBDA62,America/New_York
5578EDCB-BBC7-4CED-B76C-1ED8FD4DD67C,America/New_York
D00F9259-B9B8-4179-B31A-1EF740576AEE,America/Los_Angeles
B55BC671-4BBC-401F-9C2E-1F902BE4084D,America/New_York
39F7EC1B-A130-4B15-B2E3-1F9F22695D79,America/New_York
CCD137B6-31E3-4785-9F99-1FE638E69953,America/Chicago
7C7A4E4D-AFA4-49C2-9343-1FE89C74C8F5,America/Denver
0A988D89-D7A9-43A7-9E60-20536FC76F99,America/Los_Angeles
37F3B2AD-7C03-4E01-9711-20715FDFECFB,America/Denver
D9CE9443-13C9-4B67-A779-2083525F92C9,America/Denver
B60A789F-C6A7-499F-B699-20EC03476A6F,America/New_York
230CE2EB-C75B-4B3A-A5F7-2122E5B94829,America/Chicago
F0B02172-C8A4-451D-B79D-218B1A34080B,America/Denver
58CED493-BEE4-45E6-AB44-21A5809DEC05,America/Denver
9CAB6E80-8634-4469-A2B8-21AF0BDE5580,America/Los_Angeles
8993A983-EECB-4F06-864A-22119C9A4589,America/New_York
DB4663E7-E066-4918-ACC9-2239AF264E4F,America/Chicago
0A99748C-421D-4801-8F84-22B7D703F2E8,America/Denver
403050C0-C184-4209-93FB-23E6C89DE0A5,America/Toronto
B74802D0-603E-4BFD-843E-23F55D2A85E9,America/Chicago
7D8B9384-2888-4AD6-AF10-24AA15A2DEC1,America/Toronto
E41DF94A-3D2E-4627-99FE-24DC321012DE,America/New_York
653B6368-78A7-4687-A73B-251A4B0D41AB,America/Denver
653C97A9-ACC9-4A11-A4F3-25721C89DCF6,America/Los_Angeles
DD33136E-67BB-42EF-B247-259F76B9CB67,America/Denver
9B446872-F6A1-46E8-AB50-2644CAE64A2C,America/Detroit
146B9C2A-8CB1-4DE5-A9D9-2668C8C7942A,America/Chicago
105329D9-2E60-4491-8EAC-26EF39114356,America/Phoenix
43368C3A-3AE6-4A39-8672-271849B0516F,America/Los_Angeles
634020BE-627D-481F-BC56-27B4F275C8B4,America/Chicago
FB47F3F7-E9FE-4EFE-90E3-27D326FA55EB,America/Chicago
EEB3AD52-F40A-475E-86E1-27D6A960160E,America/Chicago
B36EF7AA-76E8-4EA1-B3B4-2892BBDF56F6,America/Denver
D7BC3ED8-0725-4491-B9E1-28BBEABD1FD3,America/Chicago
D6E9F44D-D081-43E1-A77F-290AE15603E7,America/Detroit
B41D8658-E263-47E8-8407-2922612BA6DF,America/Denver
D2786BA5-129A-4E93-82CC-29544820E3A0,America/Denver
CD06CA49-E997-4A6B-9F22-2960561771F7,America/Denver
84CAD589-F8ED-41B0-8232-298E423381A5,America/Los_Angeles
F4E0E9EA-298A-4499-B9A0-2A60F6833A63,America/Chicago
4D3E7835-7630-4C57-8C63-2A94755BFDC3,America/Toronto
9CCA294F-7E21-4094-9A19-2AB25150235D,America/Denver
58E266EA-81A9-4954-904B-2ACE79AE584B,America/Denver
A8A1B1D8-BF90-457C-A24F-2AE043450B04,America/Chicago
684B16E1-9A58-4C3C-9747-2AE4A252775A,America/Chicago
6B086167-9758-455C-A632-2B0285FB15D9,America/Los_Angeles
86E4EFB8-A587-400C-802F-2B66BCCDB53B,America/New_York
50584F4D-D35B-4C40-9647-2B91B555E10C,America/Denver
489A6D54-CBF9-4546-9665-2B943932F121,America/Chicago
319F6A96-0FCC-4CB5-AB83-2C176F5EFAE2,America/Chicago
99F0C3B3-FCE6-49B9-A4A4-2C25F47A601A,America/Chicago
CE9ABD63-EB4F-4C2A-A323-2C335F52D357,America/Chicago
780D751A-A697-440F-8227-2C82A9177362,America/Chicago
F9CD8C9A-71C1-451B-9D09-2C872F06128D,America/New_York
837F83DA-4587-4FD3-9DD7-2C8CC5C12EC5,America/Detroit
4B08B639-86D0-44A9-8C3A-2DA1A1EE67B8,America/Denver
26CCB104-0253-437F-B418-2E4D2417141C,America/Denver
E03FEB89-C747-4DA7-B38E-2E5D67F09811,America/Denver
4F90968F-C0BF-4663-B723-2E96C0785E55,America/New_York
7FDB1568-E4A6-4C2E-9456-2EFDE0E23561,America/New_York
62E530FD-1026-43B2-8AC6-2F09E3AB54A6,America/Chicago
9737F582-74C9-424C-B983-2F9D7A18F886,America/Chicago
15F55748-5A3E-40A2-AEF6-2FA8B42E6C67,America/Los_Angeles
0B75BABF-55BF-4461-8EBA-2FE81F9E1F39,America/Denver
7E7280B5-3728-4C33-BAB7-301249BAEE06,America/New_York
5D8CAD9E-3DD5-4049-B14D-3027114AC9BB,America/New_York
AD886C22-6523-4EDF-B7C1-3032A8DA6E67,America/Denver
EDF4507F-3CDC-44F3-8F5F-305239FE0FFF,America/Los_Angeles
35B55745-0B8C-4F55-971A-308AA9ABE223,America/Chicago
95BCBAF0-1FE1-4EF8-8A03-30E5FF188376,America/New_York
ACBAA8BD-CEEC-4382-98EC-31B7D686A20C,America/Denver
51D3088E-0DFE-4475-BEBB-31DD9C00DE3D,America/Denver
11A89F7F-5C76-409C-8DB0-3228FBF67D4C,America/Chicago
23A58785-9C27-4B47-8ECA-324BF207D810,America/Chicago
48A8BC32-BEA3-4B66-BDA9-3273162D20F4,America/Detroit
A0CB45DD-5578-4975-9819-3284B1A382AF,America/Chicago
F451A96D-C491-468E-A9D3-334F0D802B89,America/Chicago
AB17F689-82BF-4068-9B1C-3454280218A7,America/Toronto
5ED9BA69-703A-4EDF-9CC1-3569BC857AE8,America/New_York
23B38FAA-ECF3-4ED9-B0E7-35749C9F159F,America/Denver
36E36B63-846F-4A6B-A9FC-364FD63B09F9,America/Denver
F81ADCB3-BC10-4B90-ACA1-3683C2F2E600,America/Denver
BA8C97A0-680A-4F98-BCF3-36F1448279B8,America/New_York
5880ADED-BD2C-4DFB-8CC1-3792754EC15E,America/Chicago
27BC23E6-4BF5-4275-9630-37C71C1E58F3,America/New_York
3BEAA94B-3ABE-4512-9535-388DD04319B4,America/Los_Angeles
A11C0266-626E-4683-94C4-38AD18452FBB,America/Denver
5AB8F521-9FA6-48A4-9C70-38BCC9A902D8,America/Chicago
B7F95BD5-ACC0-4718-A9A0-38D90EE6C017,America/Chicago
18EC9472-3961-4EDA-BDEB-3921E48BDB6B,America/Chicago
7352AC97-BFE7-46DC-A93A-396C998D39BF,America/Chicago
70D385AF-AA3C-4592-A059-3982EE58F92C,America/Denver
29AECC08-40DF-4FD4-9F6C-39D5BCFA7723,America/Los_Angeles
9A2C40AD-8A36-446A-91D5-39D8BA64A1E8,America/New_York
58E1C888-00A4-4117-BA4D-3A417C066B89,America/New_York
44987746-27B2-442D-BF23-3A65DBF94FE7,America/Denver
3B212C2E-CF39-483B-984C-3AC20C571962,America/Denver
2D760202-473D-48E9-ACFA-3B1C3D2DC354,America/New_York
0C63C007-5578-4969-9BFD-3B3098460319,America/Denver
C4472C9A-82CC-4BCD-A229-3B42B761E6EB,America/Los_Angeles
8BF3D409-5754-4F52-97C5-3BD7C13BE7DE,America/Denver
AF2B8AC6-121D-4142-BD7C-3C05B3F532B1,America/Denver
DD68D5E8-F8EC-452D-BEE1-3C06051F3CC7,America/Toronto
37B51B89-28C8-4E1F-A6A9-3C67EFB9CF7B,America/New_York
15BA27AB-46B7-42B0-AD75-3D0B7C02FE87,America/Denver
EC5B5B00-A812-420C-A353-3D30BA6D4E05,America/Denver
D7E5757F-4B46-4956-9E35-3D80BC023DBC,America/New_York
E89F1182-8AA6-49BF-8A8F-3DF0A78BE69C,America/Los_Angeles
F59A9408-E0BD-4814-8C15-3E1233B64CD4,America/Los_Angeles
89F28D4B-1581-47C5-980A-3E7D4CD66D1E,America/New_York
6CC548BE-FD0E-48D6-A440-3E8631AE3149,America/New_York
EFFD3525-CEF1-45F3-B98F-3E9103FA607E,America/Toronto
5D6B684E-E2CC-45F7-B9E3-3EC04C5253CB,America/Denver
C6ADE079-840E-4A36-A4A7-3EEF9F742465,America/Halifax
FE9CBEFA-E7AC-434A-85C4-3EF19E528C43,America/Detroit
C3F4C6F9-FF85-4E20-A59F-3EFB5F310CBB,America/Denver
2DAC8AF3-A603-4820-A16C-3F2B9031C1D8,America/Denver
7FE56515-8F03-4818-B25E-3FD0CA9DE0D0,America/New_York
2A555DA9-5378-4302-AB8F-40115E49DB5D,America/Los_Angeles
AE66CCB3-09C8-436B-89BA-403C32C3BB88,America/Los_Angeles
A9C15D5C-D35A-487C-8FBB-404E4BFC2F5C,America/New_York
1734D5BD-F43B-442B-ACAA-409F2E3A391C,America/Denver
1100A959-7158-4BFC-845D-41116BD22C1E,America/Denver
CC62E0FD-3241-4316-9054-411E56D3BBEC,America/Denver
3307299D-FD2A-4453-A059-4125E6BA5AB7,America/Denver
18E7FBA7-F3A6-4C01-BF1E-4156FC8DAEA3,America/Chicago
6E8F6292-1D4F-4393-A02B-4181BAB98240,America/Los_Angeles
2838A201-A3FE-487C-ABAD-41E91AE5CAFF,America/New_York
6DC68EF6-2DCD-45D5-9617-41EC73BE89D7,America/Denver
1545C5DD-5940-473B-A030-41F4E6AC7F71,America/Denver
22CCCC0C-5318-45B6-934A-420E40FE9B10,America/New_York
6F997305-AB20-42B1-800C-424C5D85400B,America/Los_Angeles
3BE52829-8E9A-4807-98A2-425183A9B14C,America/New_York
3CF42229-1DF7-4BBB-8889-42542C9B6967,America/Denver
715DE547-3D39-4FE8-88EC-428B4E99D856,America/Toronto
3E90CB90-48BB-4098-9D58-4449EA5108BA,America/Los_Angeles
B2FFDEA1-9BA9-411F-9E95-45C84818E20B,America/Toronto
DBCE8240-FECC-46F5-A006-45E6F97BE1B0,America/Denver
2A20A132-BF47-4097-8EE0-45EFADFAB695,America/Toronto
F77B7C8E-A4C1-40BE-ADE1-46114C7EA72E,America/Los_Angeles
8DB429DF-4D2A-4BF2-8DB6-4675094A8937,America/Toronto
058B5AC9-6D88-4221-B206-46C874312B84,America/Denver
C9CE5ACF-C274-4160-A8BC-46FC442CC88F,America/New_York
70205997-BEAE-4709-9CA7-475395547958,America/Denver
1B717E62-42F2-48D2-A338-477524651A56,America/New_York
F626D0E6-598E-442F-B811-478124AF1925,America/New_York
2FA126C7-AB34-41A3-B25B-47A9FA6E2A8E,America/Denver
00462C13-198E-4952-982E-47F4E82F52D4,America/Los_Angeles
ED96AFD2-189D-4D85-A17E-480DAD654A6A,America/Chicago
027D64D3-255E-4DFB-83CE-486695CAB546,America/Denver
A2B555CD-E4FA-4DE2-B423-48858C600D4C,America/Los_Angeles
4509CBEB-F287-4391-B99C-48A2A715D878,America/New_York
9D681D49-2973-45C5-AF1D-48C7E69B2E64,America/Denver
2E8CE013-65DC-4C49-A867-498541C653BB,America/Chicago
85A36462-4276-47CA-B497-49CE0DE7C7FD,America/Chicago
12224440-458B-4C68-A1C5-49D1D591F512,America/New_York
2085D55F-8CCB-45E6-B672-4A655630AA4E,America/New_York
B2887C63-9144-48CD-B9E3-4A90CFC93471,America/Chicago
17005C9E-61D1-475E-8E8F-4A97DC830774,America/Los_Angeles
4DE223ED-0DFC-41EA-AFB5-4ADBE3E022C6,America/Chicago
0D195CF7-1FEC-4749-8A8D-4B00A0E1DEE9,America/Chicago
3CE5FE28-87F5-4960-9606-4B2828D4C3FE,America/Chicago
26D450A6-43C9-4FF0-86E4-4BAE75ABCB2D,America/Denver
AE61D21D-98EA-449C-ADF3-4BC512013C45,America/Denver
BCEEB8F3-946F-4922-8B63-4C0ECC35D4B7,America/Denver
DBC9156A-9C7C-4F0D-B399-4C1F25C93904,America/New_York
D4620A46-210B-4408-AE22-4C47AF56B268,America/Chicago
CFE52315-2E4A-4E93-9F30-4C49702E3B29,America/Chicago
9CDF2A60-449E-4374-905D-4C4C9DBEDAD3,America/Los_Angeles
4C940E5A-780A-4965-9B23-4CA931047E22,America/Chicago
9B758E6E-166F-48EC-947F-4CD1929940D4,America/Denver
C0F725A5-D9D3-47B0-8C0A-4CFA5B0226DD,America/Denver
B9B2796F-3298-4CBB-A42A-4D8406C6575E,America/Detroit
356D536B-1C05-42B8-A0AB-4D947C8EDC68,America/New_York
095A6C9C-141D-4E9F-99D2-4D9A53E0F0BF,America/Chicago
F8F2C63A-C5DE-4B7D-A155-4DD5E30439E2,America/Denver
B4EF9654-D0F2-4EA4-8F6D-4E5CFADA02F5,America/Denver
79991FCC-D1C7-45CE-AC14-4E8B511D08C2,America/Denver
A1415E6E-89D6-4755-B67C-4F2D32C6BBAD,America/Denver
ED5C4172-015F-40C5-BD84-4F423ACD22A4,America/Winnipeg
C187A304-1CE0-4297-9B97-4F454301F852,America/Chicago
5803B944-52D4-4653-BCC6-4F6FC7DEBA60,America/Los_Angeles
9BE1F618-0397-440B-9456-4F758C40510D,America/Denver
FBFD0EAE-9BAF-44CC-B45C-5067A270DB5D,America/Denver
44B8EAB5-54AA-43F6-B2DC-50A26694B365,America/Los_Angeles
B411B168-F38E-403A-8C5C-50AC0BC1EB04,America/New_York
FAD569D0-5FA1-42C0-A853-51115CBAC0CF,America/Denver
DAE6286C-635A-41FE-BF5A-5148B6FEE217,America/Boise
93057461-F6E5-408E-890C-514B26D9ADA7,America/Chicago
43F0A701-A3CB-4738-8CF4-5268F4483C8A,America/Chicago
1E4CA01A-2267-477C-8F6D-5289CB539F79,America/Denver
4E08B35C-7BEC-49BE-840A-529E4CF0465F,America/Chicago
E48EBFE1-8133-449A-8653-52AC657A55C7,America/New_York
BF927F76-73C1-4963-AA41-53B63BAB48F4,America/Denver
30A1044D-5120-437E-9080-54300366E678,America/Los_Angeles
C9AB2F1A-13C5-49F2-8297-54732383B381,America/Denver
11D0FEBF-D9E0-46C7-937D-54BBB2A553B3,America/Chicago
0A238A04-40DD-4FFD-ADF2-54D2F9B7924B,America/Denver
345153EE-D11E-4EE9-99DF-5536A37AB68C,America/Chicago
D240FD42-2CEE-4CD9-B515-559039AF34E7,America/Chicago
8A99F737-6E95-449F-9D14-5593499B61D8,America/Chicago
BBEF15C8-57D8-4B01-8826-565AB1454028,America/Chicago
85022940-E1F8-48A3-B2A4-566C653B665D,America/New_York
D5545683-39AC-4928-8D3B-567A520C540E,America/Los_Angeles
195B6CF6-B8DA-41FA-A751-56BD6A525910,America/Toronto
3623CA63-AB57-4018-90C4-56C779E5E524,America/Denver
26CA3BAE-70BA-4534-BD82-5738FC4EBDD3,America/New_York
17AD1EE8-88F1-4235-A6BB-57BBE9A67B7D,America/Denver
F0FD5229-F492-4EC3-A7FE-5829DB97BD1F,America/Chicago
F4F0F209-96DF-40AF-973B-584665E26D0A,America/Denver
94E855EE-C7DD-4F57-93E8-594A5991B723,America/Denver
A75DF005-AB20-44A6-A6E5-595C83079E58,America/Denver
5D5BB387-FD33-4FD2-BAF5-5969D650E824,America/New_York
B2D724BD-AC85-40DE-8BE7-599786BD7673,America/Los_Angeles
9EE7C2E9-D582-42A2-90B2-59A4590902E7,America/Denver
4228F9A0-463A-45EB-9B72-59F4572A6DD3,America/Denver
4E0BE73D-E581-46FF-A6EE-5A3340E328BA,America/New_York
49647149-BD0D-46D9-AAE4-5A6A073011B9,America/Toronto
B93FA1DD-9E84-4F39-B8B6-5AD805BBB61B,America/Los_Angeles
7A214E44-8BEB-45B1-9595-5C97D5E199DA,America/Denver
239D67D4-50ED-4979-A38A-5CDA006D422F,America/Chicago
92853C8A-36EB-482F-8189-5D10C959C54D,America/Chicago
FF101A9E-1568-4868-B3B8-5E37F725B711,America/Denver
69BF563B-F39E-4707-8F02-5E82C53F8FE8,America/Denver
0A7EAFE1-AE86-4374-8969-5F0508CDF8CC,America/Denver
A1B9EBD9-5C46-4A46-BE3E-5FCDF9BB629A,America/Denver
C58429DD-2DE0-4973-98D8-601535EBD5F2,America/New_York
4503B2CC-93F3-4E20-B20A-604E1BE67791,America/Los_Angeles
30102DFC-3E0D-4958-A21F-6087C44AAA70,America/Los_Angeles
9E3B7407-998B-4FC4-B0B2-60B61C935516,America/Denver
23BEF92C-6182-4BBA-8236-60BB1E5AF8CC,America/New_York
517251B2-5387-4946-9386-611C81F414EB,America/Denver
F3927494-8619-4BE0-BC8E-614C642162A4,America/Los_Angeles
0AAE3796-5BAA-4241-B91F-6192FC9C3F6E,America/Chicago
61E6021F-3E3E-4DA5-8E07-61DB6586896C,America/Los_Angeles
0DFE27B6-D0E5-4E0D-B244-630757E9A064,America/Los_Angeles
0AE6DC9E-5762-408C-8160-633DFB23367E,America/Los_Angeles
1C5677A9-277E-49CF-8D8F-63544BA167E8,America/Regina
952D2016-7843-47F8-BC3B-635F65864644,America/Denver
84A79ADB-48BB-4720-9551-637E2F2BD3F6,America/Los_Angeles
4CAF11CA-FED9-424F-9C55-64317075F318,America/Chicago
6E5E10F7-620A-4131-8191-64A05090B750,America/Denver
B99E7D90-9E63-4DC3-BD09-64BE96C1B739,America/New_York
F49A99EF-968E-40F4-98F9-64C988416C7E,America/Los_Angeles
4781F943-0A0E-4A39-8810-6523A3C88D8E,America/New_York
6CF6BE7A-5321-4169-B9FA-65BB84832FA5,America/Los_Angeles
BEF4C8C5-51D1-4910-A67B-65C00BA76340,America/Denver
5D4504C1-8A32-414C-BB12-65C86FC99739,America/Denver
91B5E811-A3FD-4473-A739-65DAF61FE04C,America/Chicago
D2D55CBF-06DC-45AA-BAE5-65E266A1F6E4,America/Los_Angeles
B2115504-C283-41F7-8031-665A6FDBA5DA,America/New_York
672EC74E-271D-4A73-8E5E-6698FE45CFA3,America/Denver
335C27D2-2C6A-4AF1-84D0-669E194FD53F,America/New_York
5D2D3E91-A89B-454A-8D99-672C8B69D153,America/Los_Angeles
49EBE97D-7114-44C3-A969-675185463D14,America/Los_Angeles
3ABC5C6C-44AA-47EA-ADD2-67D29316FC5F,America/Chicago
5C1691F3-B653-4653-882E-681CB23FF161,America/Chicago
5BABDB17-1449-4463-A42C-686F70D06C3B,America/Toronto
77D1603A-608E-4C6F-9250-68B56E0B5F72,America/Indiana/Indianapolis
4E7491AB-7B01-43F5-98DF-68BDD3551E0B,America/Chicago
2F98448E-F288-4231-9FB4-68C3A89E2ECD,America/Chicago
FAC09AFA-87B2-4070-8514-68EE729B55B2,America/Chicago
8359378D-D204-4620-950E-69FE912401E0,America/Los_Angeles
BC9719BB-1BED-4C0C-B6CF-6A2FFB8629D6,America/Toronto
4A0F42A8-CA02-405F-A107-6A336033996C,America/Chicago
46906688-2187-4759-8779-6AE119B20F16,America/Denver
26132295-8B60-4A8B-8968-6AE5E2D5B505,America/Chicago
7E57F915-750D-45E6-81B0-6AF169CAEFD5,America/Chicago
E7E8EFEC-D685-4064-9A43-6B0FC454541A,America/Monterrey
4F5D8018-497E-499E-A4F7-6B50076DA88A,America/Chicago
68C5D14F-75CB-4ED2-9130-6B6EDBE61DFE,America/Denver
E237CAE7-C3B3-4730-BC03-6B9210115F46,America/Denver
8230B95A-937A-4AC2-8187-6B92C8D1CB8F,America/Denver
08BDAFDF-90B0-42D1-81F7-6B9F964B0DD5,America/Los_Angeles
6921B6DA-F828-46E0-BFE7-6BA4F9DCF031,America/Los_Angeles
7A1DFD46-4F6B-4D58-B9CE-6BA6847EF515,America/Denver
9A5F63D9-D52C-4A50-8BEA-6BAB54522852,America/Los_Angeles
7F74A30B-5735-4468-B4F5-6BB5BDA359B9,America/Los_Angeles
EB66A2C2-6D68-4A06-B959-6C7D3B717AA9,America/Los_Angeles
37762DF5-57F8-4FBA-AF7B-6C93E63AE800,America/Chicago
583F6DB0-3F42-43D6-A8A1-6D030829D12B,America/Los_Angeles
D3191942-4872-4F96-8C86-6D0A41353CB3,America/Chicago
78040CEC-108C-47D3-8805-6D1E458B021A,America/Los_Angeles
BEF9E827-8371-437C-9C09-6D3AE744DF7E,America/Denver
205DC478-5B41-4046-AAE5-6D9C3EB06B6A,America/Chicago
C800171B-C84F-44C7-A0CF-6E1A83F449B4,America/Los_Angeles
667045AC-7EB4-4EF3-9279-6E8BF2D12BEB,America/Phoenix
001272C1-A663-4E18-9391-6ED979CB6273,America/New_York
D634626B-0657-4F2C-B4E2-6EDCA0A55223,America/Denver
D99B76A2-FABE-4826-9653-6F3EE3BB5642,America/Chicago
26D1FF36-7C21-43F5-8058-6FA9168E00B9,America/Denver
A23101EE-DBB5-485C-9E15-70784F824061,America/Denver
D9C1EEA0-4CA3-4FC0-81AC-7093C520E565,America/Vancouver
BFE08D5E-ECD7-4716-BEB2-70F7A4584533,America/New_York
07297610-408C-4D1F-B938-7112A922B99C,America/New_York
F8536B19-1E9F-4135-AE3E-7172051147CC,America/Chicago
F78CE246-145E-4608-8828-719762658C9F,America/Denver
65C80A14-C636-4169-9DCA-7274DC9E023F,America/Chicago
90790FE7-7EE1-4C11-9A7B-72937548858A,America/New_York
6BCA8DA4-6CBC-4384-BA24-72C933E9129C,America/New_York
8A7182D6-E495-4D29-9D82-72E17E843165,America/Chicago
F4EB1C59-7817-47D8-A724-7339CD4500ED,America/Chicago
B368B78A-0C7A-48D6-8F42-734031824F03,America/Denver
2B4E2229-40DB-4F60-8BE3-736A32787FC7,America/New_York
0D2DC605-2B3D-416D-9855-738F14D1A366,America/Chicago
81818F79-26AC-43FB-A280-73C1387A4419,America/Chicago
C6E18BD7-C773-4876-A8CF-7411A42B0F27,America/Chicago
B014197C-CE28-4A07-87C1-744ACBC978A8,America/Denver
6044721E-5113-4FDD-B4BF-74526AE31CD3,America/Denver
7D3167A2-E6D1-405C-B4F7-745273F4B3B6,America/New_York
E5304AE1-7DC4-4EFF-8BEB-7453DAA38C18,America/Denver
7B26FD68-0144-4E83-81E1-7456D71FB910,America/New_York
9BBAFC64-C36F-48A4-972D-745DABB72284,America/Denver
E5DE5CFF-FF6C-4EC5-A139-74A05BC468E1,America/New_York
907B29D7-C643-4C59-9C05-74ADAB010664,America/Denver
F4D31DBD-8CD0-4EC6-88B3-755CFBC2D395,America/Phoenix
85AE35F1-5DFE-4714-9B65-7568469CA5D6,America/Toronto
A40CEAE4-1E94-4B4B-8817-759397BFB8E2,America/Denver
7FF91950-1F8F-4C46-9AD0-75C708711397,America/Detroit
E9536A26-2633-4A5C-A55A-77278A70DCAD,America/Chicago
24D2F6E6-0341-4AC2-A872-772D6E0AA249,America/New_York
C9C160B8-FF7C-4EB9-B007-774D507CBDFD,America/New_York
49D5AFD9-11F6-4667-8EAF-77AE9312D5EE,America/Chicago
D5A0B929-696D-47A4-A356-77BED4EE8DD0,America/New_York
91502234-E20C-428E-AA3B-78B03C59F405,America/Chicago
1C243B2A-184D-4061-9FA1-78C671FBBED1,America/Los_Angeles
B98EFE2B-93BB-4732-89D3-78E24F1A1FA0,America/New_York
2D85E1DD-7EE1-4FB8-8DF8-7942F0EDF46C,America/New_York
35A587B8-0D07-4EC1-B0D6-799EF6DFA17E,America/Chicago
261FA4CF-C6C0-4168-9B1F-79BC9007CC55,America/New_York
788BC5F1-E869-4314-A9AE-7A99FFC7209C,America/Denver
8CFFA25D-A1B5-4B69-81CB-7AB79154EFDD,America/Denver
F0D3185D-C263-40B5-B6E6-7AD85F0D05AE,America/Chicago
42A428F9-B25A-4096-B7CF-7AE0B57D7447,America/Los_Angeles
3A7B3C93-39B6-4ADD-8826-7B3D9882FABE,America/New_York
5915407C-1A14-4DE9-A9B7-7B9EA0993EBA,America/Boise
6E211C85-E15D-4392-B0E9-7BF30A91F5E6,America/Chicago
AFB9E597-FB5F-4E13-ADD8-7BF883DE9327,America/Denver
9331D331-045C-4FAD-9BE9-7C03FC4C8BD7,America/Denver
8B2B7AA5-1057-42F0-A0A1-7C752FE26C07,America/Denver
ABB63BF7-3E0D-4F4C-A5F2-7C9B3B7E731F,America/Denver
DBC7BF35-DCDC-4A69-9869-7CE2E01438C9,America/New_York
74EAE092-7A5C-43CC-A62A-7CE89D221E9F,America/Los_Angeles
98C44CFA-4E9D-4396-B965-7D0FC0DC60E4,America/Chicago
A196481B-7CE8-4213-8AEF-7E2E2D80F762,America/Denver
1A012DEB-F734-41CD-8ED3-7E68E020149F,America/Chicago
B7726D12-ED09-4BA3-9442-7E80DE69134C,America/Los_Angeles
6CBC75C0-DD36-4157-88DB-7EE2D0C84309,America/New_York
67EFFD92-BAC2-4F91-B8D4-7F6BBB7B44EF,America/Los_Angeles
B3633CA4-5AB1-43C1-8EDB-7F94333A8464,America/New_York
8393084B-D78E-4564-A54F-7FD001C8E942,America/Denver
E06D803E-54C1-409E-BFD1-7FD19621C370,America/New_York
1547D4D2-4129-45D6-83C2-81F71946D0BD,America/Chicago
6E0D6B4A-DB8E-46F9-884A-822407149267,America/New_York
C3675F04-CAEE-4D54-AA38-82364FABFC9C,America/Denver
D8182856-7E72-44EC-9373-828455B0975A,America/Chicago
729ED089-88EC-47F2-89F3-8286D66EF12E,America/Winnipeg
607AB823-0A1F-4C39-84D9-828BBF3EFCBA,America/Chicago
2C038FFD-6833-4D72-AFF9-8358C780F0D4,America/Denver
9112CBBE-7476-4351-98FC-83953F61C144,America/Chicago
07F2E469-8575-468A-837B-83BDB0DB6A21,America/Denver
FEB6F9A3-E638-429A-BA36-83CE742B1B49,America/Chicago
41E5558F-D145-4576-8754-8464E8664E14,America/Denver
9B1BF193-C4F7-4D56-A506-846578F19882,America/Los_Angeles
78E50422-1FCB-466E-856B-8479C30D9136,America/Chicago
4F0AD15C-8219-445F-B76F-84897541D0D7,America/Phoenix
B478614F-5A15-419F-99E9-84C38FAA8D01,America/Denver
A619587B-CCC8-47FA-AC1C-857DFB8D2304,America/Denver
689DE1A6-58EE-4E35-B7A9-86A4422F0074,America/New_York
7218C6F7-7524-4B05-91D7-87508F9318D4,America/Chicago
16AAF939-714E-41CF-87CA-876A614A3BFA,America/Denver
65CB277F-6B29-47F6-8338-888181126E29,America/Denver
B33FFF9D-4A67-445D-B324-888BEADDA373,America/New_York
339600E6-63F2-4F01-8F69-889A3641CFFE,America/Toronto
0D59948E-CC04-438D-B7C9-88A948ADB910,America/Chicago
BBC7C8E8-EF7F-466E-98A7-88EBD52B663B,America/Chicago
54363BBB-B710-4EE8-9974-88FA5B54E7CF,America/Los_Angeles
5C6B8E87-C255-4BE2-93C8-890482B5BE1B,America/New_York
C2E0BEDE-E708-4405-BE70-8928F3439DC3,America/New_York
26F137C3-2B7D-4841-A02B-893B8CE4196F,America/New_York
C29B246F-4CD3-4740-9D8A-8A06B5CC963F,America/Chicago
864464E1-735F-44A3-852A-8A1A64D63F29,America/Detroit
32F84DE5-F818-41F6-B008-8AE5A1F5C9A1,America/Chicago
360F36EC-FF74-4E88-BF98-8B2905323341,America/Phoenix
8E7677F4-077A-44BB-8C21-8BE700B16E38,America/Denver
9F72B41D-4336-4F88-A3D3-8C0A3377C96E,America/Winnipeg
E62F28A0-7B80-41F1-A428-8CA1AF7FD920,America/Denver
F25E5113-A1AC-44C6-B416-8CD6A321E681,America/New_York
0653974F-F232-4F02-B79F-8CD8F235F0E4,America/Los_Angeles
C3D5F3B0-686B-45F7-B733-8CF035B770C3,America/Los_Angeles
4DD4A2A4-A6AB-464F-85A7-8CFDF8DC858A,America/Toronto
E2ED389C-14B5-427F-8ADD-8D2D1E5E0252,America/Chicago
CCD3D70E-9B21-4411-88D0-8DF2359B19A3,America/Denver
82DA2A5B-60F7-4768-8BBD-8DF40A07603C,America/Denver
64F2ACCA-0038-4943-98FE-8E8BB40002B2,America/Denver
BEB1A5FA-0F00-4F37-85A2-8EDE06067571,America/Chicago
503C15D2-A3DD-460E-821A-8EF3C61A465C,America/New_York
9EF131D4-DC55-49B3-AB88-8F7E42542439,America/Denver
75A961A2-0C64-4858-9979-8FC8C827B3E4,America/Chicago
81385FB0-B264-47EC-91D8-908727EF4F4F,America/Los_Angeles
C7272404-581E-4A1C-88E2-9196E4AA7068,America/Detroit
49250D56-EA56-4E2D-AD2D-91D3B5013392,America/Los_Angeles
752277BD-3EF1-47EE-9A27-91E8C930CE7D,America/Toronto
BBF1F753-811C-431C-B2FB-91F9C98A85B1,America/Toronto
432605F3-E4C7-4D1E-AD51-92122D52474B,America/Los_Angeles
892D19DB-3C68-4B49-861B-9212C61AAFC4,America/New_York
628AF062-928A-42F8-8136-9266D73FA2C3,America/Chicago
972D2FBE-E656-4862-89C5-929F1BB2585E,America/New_York
DE4B93BD-1617-4291-9A1C-92FB720C5976,America/Chicago
E0271BF4-9B4E-43D6-9551-939659A0DB48,America/Denver
7E648233-B445-4FC1-B61D-93A45D565813,America/Los_Angeles
D383B1A8-4D29-4301-B694-93D669C4553E,America/Los_Angeles
0794BE0A-4FF7-41A0-B3EE-941852338EB0,America/Los_Angeles
6B8F4B33-7207-40FA-BBCF-9456B5D42E34,America/Chicago
ED7F8F53-F877-41AB-8870-949974202971,America/New_York
D70D42EA-E481-4EB0-808A-9541751685E2,America/Chicago
0D70039D-3965-4AFF-8C81-9556A1538984,America/Denver
D1B822D6-E36A-4CE1-956D-9575F294E495,America/Los_Angeles
5B6491B8-6AFC-4F9B-8BA4-95EA83037051,America/New_York
8EFC498A-CF80-4DA5-BB9B-961396D82AF1,America/Los_Angeles
EA8E7DE1-5280-40F4-A772-96889B6C1DDA,America/Los_Angeles
D71C85C8-9B5C-44AD-AD4F-96C50A469520,America/Chicago
D1929220-E57F-4212-A6CC-97980BD023BC,America/Denver
F1E37BAD-B9F1-44EB-95C9-97A80607500A,America/New_York
4110F51B-3DC9-4F0F-A1F7-97C1C80C5CB3,America/Denver
23FA09E1-D95F-421E-94AF-97EF26A41E21,America/Toronto
22AADB9D-D515-407B-B80F-9847402928AD,America/Chicago
ED3A501A-FAED-49EE-9192-988C8C22F448,America/Phoenix
0CB00B04-FBE6-4159-938C-9954F22FA16E,America/New_York
368E4280-2766-4D7D-BD75-99C3FD58AD64,America/Phoenix
44603556-6FA9-4882-963D-9AA9F6DE6C46,America/New_York
BC362C9E-05F9-4E55-8F11-9B4D6CADAC32,America/Phoenix
B8F18F16-4DD4-49BC-9C55-9B7625AEDBFB,America/Denver
DE60FCE3-51AE-4880-8285-9C11C2A03C2D,America/Toronto
CFBCE0AA-E12A-46CA-A0A1-9C444A12D4B7,America/Chicago
1C991FC0-2975-4C99-A549-9CD4FDB24478,America/New_York
0F88B3B6-4989-4EDC-98FF-9CFDD7B39519,America/Denver
C30C6963-4B6D-41BA-AF05-9D13204238E7,America/Los_Angeles
2F30B6CE-3E5F-413A-B404-9EB89050042D,America/Denver
7DD7C3EF-92A5-48D4-8D8C-9EE44C7AC94F,America/Chicago
D0D7A8DB-FA3F-47C7-853F-9F6E9A350435,America/Denver
C041E52C-FAF3-4871-B201-9FE7D65B81E8,America/Los_Angeles
0F78CA21-D29C-4BFA-AA32-A0047A4CA5A8,America/Chicago
A35C9E54-8A01-451F-9629-A08BD9C5D169,America/Los_Angeles
B3B8EDBD-97AB-4C84-9FA0-A0A564F912F3,America/Denver
4961D66E-B21A-4D9B-9F06-A0BF2FC36A2D,America/New_York
40B233F4-2282-4F9F-B347-A14178DAB44C,America/Denver
CC01BAB2-8763-4363-A9BF-A1853D108EEA,America/Chicago
379EC159-AC99-43BF-9D2D-A2371638B942,America/Chicago
C1D08BCD-FE4C-4602-81BD-A2B5F708D5C2,America/Denver
CCD7B8FA-76C9-4389-B4A0-A2B906E1FC70,America/Edmonton
FD89A6AF-F695-4B64-B995-A2F08D59FFF4,America/Denver
EF5FD8F8-3248-4B3C-B4C7-A365A356896B,America/New_York
C7C0EAF6-35B1-4F6E-9864-A44E55693AD2,America/Denver
738DA755-3593-42E0-8D41-A460C595FCBB,America/Denver
E196508F-8331-49F1-A831-A46B140F5146,America/Denver
A114C5AE-B9DC-45BA-A1E3-A4715FDD4AD9,America/Denver
E4302FF5-AFD1-4047-BB4F-A55955B457B4,America/New_York
0CE1CDFF-AFE9-4EFB-8F9B-A56D3C494F05,America/New_York
2D52C8DA-4C4F-404E-813F-A5BD5144F5FF,America/Chicago
34FCAEA5-1FD7-4D87-9395-A5D066FAD347,America/Chicago
023F240E-355D-479F-B1A9-A5F02B9C07DC,America/Chicago
3834CB5B-7F0F-4DF7-BDBF-A6340F38913A,America/New_York
61C6E778-FEFD-45B1-AD42-A7106E98F208,America/Denver
9B193186-F5EA-46D5-8DBC-A78605EC7819,America/Los_Angeles
8A5378FE-13C6-4C23-B743-A85DED7C3C05,America/Denver
D2B817FB-6150-4FB4-8FCB-A8CEED943234,America/Los_Angeles
5E5A26BB-42D0-48E1-AB24-A8DCB687E68B,America/Chicago
CDEA7ED5-1A00-4C6B-BC89-A900F55504E1,America/Chicago
CC312779-2987-4D1C-8BA8-A919A4D8C671,America/Denver
0A53211C-B893-47EB-A77E-AA38C48A45D3,America/Edmonton
74AD4946-5172-4D82-9B9A-AA3F72E59948,America/Los_Angeles
57699A3F-4FE7-474C-A4CC-AABA34EE6F7B,America/New_York
040787E7-16B2-4B34-9A46-AAF4BEA1012B,America/Denver
C845B386-1260-4747-8C25-AB48CBF274E2,America/Chicago
9843358A-923A-4774-84CB-AB90DE803734,America/Denver
021491D1-371B-4812-BB03-ABCB24ACF7FB,America/Denver
B1B3A5F6-8656-4AF0-8A3C-AC5ECCF0F985,America/New_York
47A0F89B-34C7-40C3-933B-AC80EDC48E58,America/Chicago
D5662417-99CE-4A41-8114-ACA2358F67C4,America/Denver
1E7DA801-A077-4963-B35E-AD3475E79CA6,America/Chicago
18C76702-5E25-4392-A116-AD644869ED3F,America/New_York
79E250D5-EB5A-40D7-9DAB-AD7B8AA31E3A,America/Los_Angeles
CE7E811C-8B24-470F-9B3C-ADEC2FE0CCF7,America/Toronto
685EF2FA-56B1-4737-A767-AE009295738A,America/Denver
C85EF5C4-6EB9-412B-ABCB-AE2937402DEF,America/Chicago
29DC6285-11D0-43D6-A0C6-AE33B82CA1AF,America/Denver
F71ED00C-7FDA-496A-87CA-AEB9A3406A08,America/Denver
CFC11A2D-FEC5-4031-B425-AEE32AB62E63,America/Detroit
4DDAE23D-53D7-40C9-AD02-AF2131A8E27A,America/Chicago
7AA3C67A-9D3F-42A3-9901-AFC5C2AD56A8,America/Denver
8AAFE44E-888F-4A9A-A2CE-B0316D191070,America/New_York
A73E57F4-0EED-4AA9-859F-B06CB084FA37,America/Denver
6FF06C57-F55A-49D8-BB42-B06DF0107F77,America/Chicago
7D39F910-0F1A-47D5-8A19-B08365C2C6AC,America/Chicago
44360112-B176-4A33-81F4-B0C147367520,America/New_York
4566E18E-BC56-47AD-9622-B0E83F1B9A2E,America/New_York
01706E11-C64A-46F9-87A9-B0F07125AE5C,America/Denver
E2348BF7-59EC-4A26-A15E-B12B05A636D8,America/Denver
1977A3AF-D22A-4966-9913-B1305AEFCF7B,America/Denver
50723900-3633-4758-AA42-B1E17485D7AC,America/New_York
0C517C9A-9925-44F5-BB93-B1E406424368,America/Chicago
46931BE5-95D2-4ED9-A8B4-B1FEACCC9B30,America/New_York
D09A6BB9-D43D-4AA0-A3B7-B20ED7F140B3,America/New_York
7CC05FCA-443D-4119-B857-B25BACC17E0E,America/Denver
5D5551E6-02B1-4C6B-A6A7-B25F6C674F7C,America/Los_Angeles
528DD7F9-F7A1-45A7-8722-B2F2C8E0BBF3,America/Denver
9ECB7710-94F9-4502-A64E-B32F6C80D4A5,America/Los_Angeles
FA123B51-4B6F-458D-B3B7-B361652E9584,America/Chicago
2DC6A0DD-EBCD-41A4-BD18-B3A7222A7EBB,America/Los_Angeles
0412A3AE-FFCC-45BD-A858-B3ECE7B72B31,America/Denver
4586B064-E5DB-4F54-B0B8-B472CA441B08,America/New_York
80092045-881D-4E1E-990B-B48EDB05FE82,America/Chicago
26F55B6D-0499-4C98-88C8-B4A4DE28CEE9,America/Denver
7AFCC1C0-A236-4F99-8494-B4AB0478808C,America/Chicago
8693CCAE-1089-46F4-8137-B519CB11E712,America/New_York
A8B546B0-A7E5-4056-B68D-B526A2E0D1FC,America/Denver
3D651196-F1E3-4BA1-BA47-B54E948BD0E6,America/New_York
B63AAE03-564B-49F9-9BEA-B562F5302A5E,America/New_York
271C555A-62C4-4703-8E38-B58E7EDDE4DC,America/New_York
18F871F8-56CA-4A3A-A342-B5C3A4BD7D96,America/New_York
4EC54443-140F-484E-9085-B69C8BC64D7D,America/New_York
49D0118E-CE83-4039-B6B0-B6C3A5352285,America/New_York
BB47182D-65C2-4E28-9B5E-B771DB9EB21F,America/Chicago
A3FB610F-0FF0-4F6E-A0EF-B79647C23B93,America/Denver
6EA445FF-8F23-445B-A567-B7C87B23E8CD,America/Denver
0ED93857-EB2B-458F-B8E5-B7E07F9A1799,America/Chicago
2C663707-7688-4157-932F-B80595050559,America/Los_Angeles
CFB29F77-602F-4141-92EA-B827CC4A7789,America/Boise
11EA11B6-D370-46A9-879A-B84AE624FAD9,America/Chicago
0BC87780-6B71-4331-9CA5-B8770582D980,America/Chicago
C9075482-3949-4625-9C28-B882D8CA051D,America/New_York
DA18A6E5-2B76-4E6D-AC3D-B92151DAC12B,America/Denver
43B58349-AE32-443A-B7C8-B961FE79FD30,America/Chicago
3DA023C9-82B2-4FA1-B6F0-B99421D11AD7,America/Denver
78517518-3F9B-4969-B54E-B9A621016FE9,America/Chicago
CD3F5634-F27F-4AFB-AB1F-B9F79AA42597,America/Chicago
2B36A9EF-95FE-489D-9C81-BA02E061D403,America/Denver
3386A792-FC0B-416E-90CB-BA29BCBCDBA2,America/Denver
E63493C9-4094-4EEA-951F-BB10EB4FE0D8,America/New_York
AEAF4EDD-3AD4-4FD9-8D46-BB9CC118DFEF,America/Denver
84FA5489-4335-4D00-8BE6-BBA149544F0C,America/Denver
96136167-8EF5-4BA5-8CFE-BBD8DA8FC444,America/New_York
95395B02-0D14-41B6-BD63-BC10C9D57723,America/Boise
FBEF3E36-0D8D-4C20-BABA-BCB635BB521A,America/New_York
56706F60-D8EF-4495-9324-BD47FE43B732,America/Denver
FED752D1-FFBC-4655-A0D7-BD82840DE570,America/Toronto
311186F3-03FC-47D0-AA1C-BE095783DD9A,America/New_York
529D6DCB-4E10-45F8-AC45-BE7E70F0F128,America/New_York
E3B357AD-DACE-48A5-85E8-BF2674328684,America/Denver
41D044F7-014C-45A7-A8EA-BF6E98892157,America/Los_Angeles
D27DB68C-5B49-482C-A82E-BF808883E518,America/New_York
280129DE-3464-4D87-A04C-BFB1BBDD7811,America/Denver
A22B74F6-2874-44FD-B2F2-C026BF9AB4D1,America/Denver
DD155983-B5E5-4F86-A5D4-C04379611CF8,America/Chicago
EFE56203-A38C-4F43-B110-C04E4AEA2B34,America/New_York
29361F8C-4A7B-40E9-A387-C079905596F6,America/Denver
835D3174-12BF-4EF9-92BA-C07D031211FC,America/Denver
E096F0AB-68B3-4EEC-A05B-C0941E2B094C,America/Los_Angeles
1637B40E-4D00-4F80-AA9C-C0B5E0462C13,America/New_York
63EAD63D-9A6A-41BD-9029-C10BC3AEBC8F,America/New_York
D5EF9E0C-8DF7-4F6E-BEF8-C118D990E702,America/Los_Angeles
317FF1CE-C108-4AC5-A64F-C14A7D6DD48C,America/Chicago
0B1B3776-112F-406C-A29C-C21A56D815F5,America/Chicago
7D8ED05E-61F0-43FF-B028-C21C3E89E1FF,America/New_York
3AD795A0-2D31-4B59-85E4-C21F9230A7AE,America/Denver
3584AF17-1060-4B07-8463-C22A8BEAD42C,America/Denver
77076339-4614-40C5-8BD2-C26305E2AC42,America/New_York
E56009F9-6C97-484E-8227-C2F82166B0C1,America/Chicago
3B38676B-9077-4325-9BAB-C33995388656,America/Chicago
6A907CED-A170-4E75-ABFE-C35139CE1BD7,America/Chicago
30B4F625-B216-45D7-8EAC-C3B86C2F96E6,America/Denver
E95B3DA0-154D-483B-ABF0-C3FA80001E96,America/Toronto
85B1799F-5815-46AF-9AAB-C4562852D65B,America/Chicago
FE982EDB-DFE7-478A-B2CE-C46434E276A3,America/Denver
AE3746CE-C8D3-41AB-A699-C4C51F2C2D3D,America/Toronto
B623570B-84D0-4668-9531-C532BBBCC662,America/Denver
4139B5D2-0298-4434-A01E-C57101438B96,America/Denver
EDF4C1D5-E493-40DB-B21B-C5710CA777FE,America/Denver
2CC6FC8D-00D9-4C65-81CD-C5722085CAD4,America/Denver
60A31F43-968C-458B-BE36-C5831345E593,America/New_York
9BADA0EC-EFEB-4C83-8B3F-C58726C7F5F4,America/New_York
7830400B-4C18-4047-9423-C589445C7129,America/New_York
FB262C7D-19CD-4388-820D-C5F1B265C7CA,America/Chicago
478EBFC6-E28F-4E3D-8AAE-C6120E1FC036,America/Los_Angeles
DB671B8B-68AD-4F93-B228-C6165CF01028,America/Chicago
9EE08500-363E-4B8D-A161-C70501F10DC5,America/Chicago
7C367181-8DFC-49C9-834F-C757CC955E50,America/Denver
EB670D08-B22E-4A2F-AB49-C78E5ACA65B4,America/Indiana/Indianapolis
BDD2922A-01FF-4F0B-8A27-C7A598F362C3,America/Winnipeg
AC00D8F3-B22F-42E2-8CAE-C901BC073A3A,America/Chicago
A58B51B6-2CC5-45E2-963C-C90A811C69CB,America/Chicago
23F1AAE2-6F35-48C0-AE4A-C9BB951687DA,America/New_York
4E06717E-89FF-4835-BB0C-C9C0B1190430,America/Denver
A43897CD-941D-4637-967A-CA6FA6882B15,America/Chicago
BAF03B9C-5039-4B1A-AAF4-CA9F8CB406A6,America/Chicago
8A452440-2B84-43EC-9E4C-CAAEC7BCAAB1,America/Chicago
8DC37AE5-5F26-45EC-8618-CAC8FB39EA18,America/Chicago
01C86227-9DDC-4C66-B133-CAE3D5D68792,America/Detroit
9E8FD81E-21C8-4E73-8163-CB166966B525,America/Chicago
239FA8F4-4C1F-4F78-8BE2-CB20CAAA8D0A,America/Denver
ED7F343D-2C1B-4B4D-83A6-CB468EED880D,America/New_York
EEED6C0D-6589-435B-B2F6-CB919A1F6310,America/Chicago
BFB415B1-008B-4E82-8839-CBD4C3FE8B19,America/Los_Angeles
4AF33466-857A-4B36-8729-CC25EAF4F797,America/Chicago
97CD66B2-2B72-4530-A4F9-CCB68844EDEA,America/Denver
8E15EA60-CABD-4F4A-B8D7-CCB9D0FC462A,America/Chicago
CABF3918-E8A9-4AA8-A59E-CD0E5A6B8191,America/New_York
CDED3517-2D16-4253-B731-CDAC38781E92,America/Denver
795D08E8-26EB-4757-B2AA-CDDAD4FAD9C8,America/Los_Angeles
5548887E-6C23-4F2D-8DDB-CE29348FBE65,America/Chicago
DC7E5CBC-E2DB-42E1-9D31-CE3F6CA3A092,America/Chicago
D831C423-B6A5-498D-85F9-CEC348DDE534,America/Detroit
CDF0472B-2EFA-4F0C-8F7E-CECCEFA69A36,America/Los_Angeles
E5A3A77A-FB02-4EFB-A412-CECD34A65FC8,America/Denver
7BE3334D-B8B4-438D-9032-CED66EC4B58D,America/Chicago
73D91B49-DA8C-4E11-931C-CF0CFB3944F7,America/Denver
FB9CC35E-A9F8-4B2E-958C-CF340549FA5B,America/Los_Angeles
AB0086DC-BC53-45F1-BABB-D0BAE5EDF828,America/Chicago
1A77BA60-D189-4654-A135-D16F31717BF8,America/Chicago
C26EBB32-ABA6-4FB9-B9DD-D1B263F813AC,America/New_York
0097AB2C-270B-4335-9040-D21AF0B05DD6,America/Chicago
87326CA6-98EC-43EB-94E8-D236009D12F0,America/Chicago
3BE5F6BE-9C05-42E7-ADA4-D2A5466DFDAA,America/Chicago
9058199D-9E8A-4649-9C0E-D2B1B70B31C4,America/Denver
B4190149-007A-4A35-AF30-D2B7201919F1,America/New_York
9BCBCBB1-0A91-4771-99CF-D2D9285E387A,America/Boise
CFD69729-5922-401E-95D6-D381616A3172,America/Denver
AA6B28C5-0777-429A-B28A-D406B165E2BB,America/Chicago
AF7BA48D-6653-4ADE-91E7-D40F4CD7DB8B,America/New_York
7877E2A9-C619-4A5F-B7F0-D432902905F1,America/Los_Angeles
2F0A54AB-5822-4AB6-AF14-D5162BE5AB96,America/Winnipeg
5F640A59-7C08-4396-BE85-D51ACEA8153F,America/Denver
3E6A5C0B-B082-478B-BAD2-D5446056C17B,America/Denver
3FD1C3ED-3C4D-432C-83F4-D5ABC6E24B83,America/Toronto
5CCCAFF6-AD4A-4E95-BA9F-D68C60FF211F,America/Chicago
AAEF0EB4-4673-4E83-87DD-D6BC4344E733,America/Chicago
44CB6E03-FDEB-4787-8CBC-D6E2239E28A1,America/Denver
D79AC881-DD24-4D17-A919-D7192FC9765B,America/Los_Angeles
D3FFC5D8-123B-4BFA-9700-D7717AB872DB,America/Chicago
F501C5D5-5E7B-470B-A700-D793BCC721B9,America/Los_Angeles
E6CD652F-3195-4E74-AB86-D8E02604B801,America/Los_Angeles
3CCC7A7A-C802-46D6-86AD-D8FB6032979C,America/Chicago
85C03038-A6EC-4F98-80FC-D8FC841607A7,America/New_York
795B047A-03D4-41CB-BF68-D978FEFF986E,America/Winnipeg
D4988AB4-B930-434B-9C8E-DAD9C228E085,America/New_York
48BDE89E-7CFE-4B84-B674-DB10FA001147,America/New_York
6C2EC055-620C-4705-B18F-DB40CBA56734,America/New_York
880126CE-8752-4396-A2CE-DB489D370F0F,America/Denver
DC61D5CE-7BB6-44D2-8327-DBD57EE41D65,America/Denver
F218A969-140F-4733-BB43-DBFF981A9F53,America/Toronto
938F70FB-E97F-4835-A655-DC1B55455FD9,America/Denver
FD368A31-98FA-445A-82F9-DC659213095B,America/Denver
C830FE7D-21B5-4464-B290-DC66E2837667,America/Denver
4F8A108E-11FD-474A-B327-DC9087ADA157,America/Los_Angeles
F2E2F3C4-A730-4129-B1D4-DCD07416DB63,America/Denver
9DD85538-27D2-445E-BDFE-DD75E9E7BA44,America/New_York
4DE17EFF-D502-4955-A879-DDD5DCF54489,America/Edmonton
9A93905B-6FAE-4BCE-B577-DDEB91C92BA9,America/Toronto
8266909B-CC98-424A-BCF6-DE00705E1176,America/Chicago
C3BA7A88-46D2-4A3F-8E90-DE1E05BC6B3A,America/Denver
633C5CEB-0C61-4E6B-8452-DE56233041DD,America/Los_Angeles
8D459145-61B3-4552-8CFB-DE733F3BA53C,America/Los_Angeles
171A41DF-F6BC-4062-BA55-DE7CD3847F3D,America/Denver
5D1B0D81-BE33-4D12-879B-DEDF91457192,America/Chicago
8ED25ECF-FA58-49A8-AAE0-E02C1E02599D,America/Toronto
E845CE92-182D-4308-AF94-E03E0FBC2F9B,America/New_York
855B817E-E5F7-4B13-B1D3-E11698EA7D7E,America/Denver
01E9F7D3-5DA2-49EF-932C-E1CD0E60FA4F,America/Los_Angeles
498F6545-7816-4A9F-884F-E1F1D31F6C43,America/Los_Angeles
0526FE55-E67A-4647-B784-E23B4871C616,America/Denver
230F3F76-C621-43E0-A570-E25816EEEF0E,America/New_York
BF78E1E1-F528-4AB5-B845-E267133E0AEE,America/Denver
BB14D9C6-0AB6-4572-994F-E2DDE915B747,America/Winnipeg
94C8B5DA-6EFD-4653-BD32-E2EA1FF33F09,America/Chicago
C5921562-0C5B-4C3E-A6D9-E393649A63F5,America/Denver
DA10285F-86A5-470B-81E9-E397A5546640,America/Los_Angeles
66F6452A-29EA-43D0-83D1-E4B378EF140D,America/Denver
97B93105-C28A-4D71-B726-E4BFB47A48E5,America/Denver
386BAC37-FABE-4021-8E00-E4FBAB7225CE,America/Denver
E644A4D2-1D24-42C3-905E-E51F43D44615,America/Chicago
B2F310AF-9715-4C2D-AD0B-E52EF77AAB15,America/New_York
91367093-88DE-4F9C-8CD0-E5B177D2D11E,America/Edmonton
A33864F8-1742-45A9-BB4F-E658921124C4,America/Denver
29E3C6F3-AE05-43B0-894D-E673AC53DA5C,America/Denver
6154B7EC-53D9-4482-A6EB-E72891A363B6,America/New_York
CC4ED8DD-1B3C-4C7B-813E-E78C46C387A3,America/Denver
7223F674-251E-4454-97D9-E7C1F37A9D09,America/New_York
D6972C23-E65F-4847-94F7-E7DE12DD7978,America/Denver
21F03454-4725-478D-B24A-E882D9A65191,America/Los_Angeles
8F64FA60-619E-420B-B34F-E8871D85D749,America/Denver
74A180D4-7AB9-40B7-898B-E98E89F7DA8B,America/Denver
AE9E4F17-DD4F-4FFB-9710-E9E3DCFDBE93,America/Chicago
0C0FE573-D546-42E0-820E-EA16D9443C0D,America/Los_Angeles
F5CD77B7-92D5-4B11-A424-EA1E7B7A0270,America/Toronto
EA5E135F-3A92-45C2-B63E-EA6DB2235747,America/Denver
F2149253-B328-4852-B371-EAF5C0263BED,America/Los_Angeles
79677D62-B295-4551-BB46-EB0373F0F547,America/Toronto
FA7EB5B2-8782-4C96-AD59-EBA02957EDE8,America/Denver
3F03A2DB-9FD3-4A95-8C06-EBC3616BB6E7,America/New_York
9E28E5DE-A19E-4FA4-9EB6-EBC540D22AE1,America/Denver
F5B5599A-4686-44C2-B0E3-EBD2B8B389BC,America/Denver
C4C09ABF-36E9-4AC6-91E1-EC297F555F5C,America/Denver
CB7DFDE2-BBC0-4C1D-8632-ECB72F24EE2A,America/Denver
2DC81899-7C80-44A3-9032-ECC9CA461A85,America/Denver
8CF1C7F7-8719-4A48-B4D6-ECCBF88933A8,America/Chicago
EDBEA453-9333-4619-83E3-ED0A680EF6EE,America/New_York
C2448A15-C874-4E38-8FE7-ED0D0EF28DA9,America/Denver
930206F7-BD41-4417-94A2-ED1B4B3C2562,America/Los_Angeles
4DECC174-4A22-48C4-8551-ED508B4B25A2,America/Detroit
B45A7031-714A-4875-9297-EDA6CCE9ABEB,America/Denver
F133266E-5C28-4DF1-8FFD-EDBA802E713D,America/Chicago
8395A8D6-33EB-4ED5-A26A-EDF93031C240,America/Chicago
9263B4DB-43D5-4371-B72F-EE14B1767549,America/Chicago
543893A4-B1A0-48C1-BAA0-EE1EB2C8A763,America/Denver
E34A06EB-1EC0-4C9C-BA7A-EE58E0601415,America/Denver
E240F1B8-E86B-47E8-8C25-EF4166A41425,America/Denver
ABADD334-87C8-43C9-9930-EF97D0966B2A,America/New_York
97357111-4229-4D0C-97AD-EFAC1B21160E,America/Chicago
9E6F9973-5F4E-4E19-89D1-EFD3EA7EDD72,America/New_York
457D8293-C036-4C4F-A745-F0503575ACC0,America/Los_Angeles
7DBFB082-F276-41D5-8486-F09E78D2937A,America/Winnipeg
AFC553F7-7723-4767-9B5E-F0BE5BDB762F,America/Los_Angeles
8A09FC0C-C708-4730-A944-F0F6BE8F9D28,America/Denver
EFD86258-56DF-41CF-87FA-F2BE12DA6702,America/Los_Angeles
290BE39D-E717-4808-BCCE-F361A4F649CF,America/Denver
F5B4A488-2A4C-4A7B-9C91-F372D02EE57A,America/New_York
EC0C250D-FFC4-4555-8E80-F441D7FDA8BC,America/Denver
968A4DF3-D450-43C5-986B-F5037AFBBD3A,America/Denver
B3960AB7-9499-4BBA-881D-F51A2A1B924D,America/Chicago
A9ADACFB-5077-41F9-86B4-F6174937BF48,America/Los_Angeles
37A98C5F-18B1-48AD-AE84-F61D343A13FD,America/Los_Angeles
C3610F61-CDD8-41A3-8D97-F63CAEBFCD2D,America/Denver
2855513A-C4E1-4C3D-8C32-F6BE41AB179E,America/Chicago
8F0D9A05-0950-47B8-B25F-F893F7A1F58B,America/Denver
DFF457EE-6D27-46D1-ADBA-F895F502E2DE,America/Denver
695F7398-C49C-4771-B770-F8B248DD5485,America/New_York
7CEB15FF-1828-49C0-9099-F8EC512A523A,America/Los_Angeles
6E5BCD29-C11F-43CD-8455-F8F206E6D677,America/New_York
FBC6E937-39AB-4032-B52A-F925D18EE131,America/Denver
B0A88FE6-B5C4-476B-95E5-F95FCF40A2E7,America/Denver
1D8115F2-2D5E-4CA2-9C9E-FA5BBF7BB043,America/Denver
57870F3A-FBD8-42E0-ACE7-FAB7605876C2,America/Los_Angeles
A7AB53FA-2114-4FA5-8400-FABA5FF2BDBF,America/New_York
881473C7-DDD3-481C-89CE-FB67C8A272BA,America/New_York
2F39E0A6-A7AB-4A41-9A11-FB6D9DE1497C,America/Chicago
6616787C-29CE-4486-B77D-FBBB9E46920D,America/Los_Angeles
1EDBB922-D0F1-45C6-B323-FC117089A163,America/Los_Angeles
DE0EBB86-143A-4460-A8E0-FC39864831BC,America/New_York
C4D40610-D42D-480C-8986-FC5B06EF1AF9,America/Chicago
C4C4D56E-C688-40A1-8BB5-FC5C1B0E66DE,America/Chicago
6B843370-2340-4CC0-9BDB-FC97A1EC5226,America/New_York
16E99D03-5F2E-44F2-85E1-FCDD42BEA0F3,America/Denver
0BDA7614-A33F-4411-BFD4-FCEF84E947A8,America/New_York
7B881D26-F15F-4479-9D90-FD19AC7FAB43,America/Los_Angeles
D056E857-0CCB-45CF-8838-FD5051DD2648,America/Chicago
4579CC42-0252-4226-832B-FD920E23ADE4,America/Chicago
79875D05-6628-44A4-85A9-FDCF2B4130B6,America/Los_Angeles
6EE09179-1D94-4229-AE95-FEFEED5297D9,America/Chicago
117392A0-75B7-422F-ADAE-FF1850AA8C8E,America/New_York
26DA7AA5-16F5-4428-91C9-FF8D29C9AC51,America/Denver
CB2A2728-A149-4BEA-935B-FFB81D2F27E8,America/Denver
